{
  "version": 1,
  "author": "Anonymous maker",
  "editor": "wokwi",
  "parts": [
    {
      "type": "wokwi-pi-pico",
      "id": "pico",
      "top": -12.85,
      "left": 115.2,
      "attrs": { "builder": "pico-sdk" }
    },
    {
      "type": "wokwi-ntc-temperature-sensor",
      "id": "ntc1",
      "top": -74.2,
      "left": -135,
      "attrs": {}
    }
  ],
  "connections": [
    [ "pico:GP0", "$serialMonitor:RX", "", [] ],
    [ "pico:GP1", "$serialMonitor:TX", "", [] ],
    [ "pico:GND.8", "ntc1:GND", "black", [ "h0" ] ],
    [ "ntc1:VCC", "pico:3V3", "purple", [ "h0" ] ],
    [ "ntc1:OUT", "pico:GP28", "magenta", [ "h0" ] ]
  ]
}